ee,3
2,0.000631333
1,5.80052e-06
0.5,1.79639e-07
0.25,8.905e-08
0.125,8.91476e-08
0.0625,9.18431e-08
