ee,4
2,3.10478e-06
1,2.65373e-07
0.5,1.38287e-07
0.25,1.14542e-07
0.125,9.72804e-08
0.0625,9.61252e-08
