ee,5
2,6.5224e-07
1,3.23644e-07
0.5,1.38287e-07
0.25,1.08565e-07
0.125,1.24106e-07
0.0625,9.84025e-08
