nc,4
2,0.017511
1,0.000581704
0.5,2.72188e-05
0.25,1.53141e-06
0.125,2.0839e-07
0.0625,1.23179e-07
