nc,5
2,0.00167931
1,2.90364e-05
0.5,7.68105e-07
0.25,1.35144e-07
0.125,1.28633e-07
0.0625,1.22504e-07
