ne,3
2,0.213457
1,0.0144206
0.5,0.00133929
0.25,0.000144758
0.125,1.68905e-05
0.0625,2.08788e-06
