ne,4
2,0.0271414
1,0.000924161
0.5,4.30298e-05
0.25,2.34052e-06
0.125,2.02925e-07
0.0625,9.96414e-08
