ne,5
2,0.00305675
1,5.27737e-05
0.5,1.34693e-06
0.25,1.69224e-07
0.125,1.24106e-07
0.0625,1.03607e-07
