unnatural,
5,2566.4
10,160.924
20,9.69531
40,0.585938
80,0.0351562
160,0.00390625
